ts,t_ethan,t_office,outdoor,humidity,target,band_low,band_high,setpoint,mode,fan,turbo,ac_running,applied,indoor_hum,central_cool,t_living,t_heather,error
1782769309,82.6,72.5,92.0,49.0,71.65833333333333,69.0,74.0,60.0,cool,max,1,1,1,65.0,1,70.0,73.1,
1782770331,78.7,72.5,91.7,49.0,71.51666666666667,69.0,74.0,60.0,cool,max,1,1,1,65.0,1,69.8,72.9,
1782772323,78.8,72.5,91.2,51.0,71.23333333333333,69.0,74.0,60.0,cool,max,1,1,1,66.0,1,69.8,73.3,
1782774575,78.2,72.5,91.1,51.0,70.925,69.0,74.0,60.0,cool,max,1,1,1,64.0,0,69.6,72.9,
